English,French,question,A,B,C
Conciseness,Concision,Comment évaluez-vous la longueur des phrases du discours de cette transcription ?,Phrases courtes qui rendent le texte moins clair.,Phrases de longueur suffisante pour rendre le texte clair.,Phrases excessivement longues qui rendent le texte peu clair.
Redundancy,Redondance,"À votre avis, quel est le degré de redondance du contenu du discours dans cette transcription?",Peu de contenu redondant ce  qui rend le texte moins clair (ex. une inconsistance dans le choix des termes).,La redondance du contenu permet de rendre le texte clair.,"Trop de redondance dans le contenu/répétition des mots, ce qui rend le texte moins clair."
Structure,Structure,"À votre avis, dans quelle mesure le discours de cette transcription 
est-il bien structuré ?","Difficulté à comprendre les points clés, discours non argumenté. Discours décousu avec manque de transitions.","Points clés présents mais raisonnement lacunaire. Structure partiellement suivie, efficacité 
minimale des transitions.","Points clés valorisés et appuyés sur des arguments précis et pertinents. Plan structuré avec introduction, corps et conclusion, transitions efficaces."
Topic presentation,Présentation du Sujet,"A votre avis, comment évaluez-vous la présentation du sujet?",Problématique liée au sujet mal expliquée.,Explication acceptable de la problématique liée au sujet.,Très bonne explication de la problématique liée au sujet.
Language level,Niveau de Langue,"À votre avis, dans quelle mesure le niveau de langue du discours dans cette transcription est-il approprié, l'utilisation des mots ciblant le public est-elle appropriée ?","Utilisation intensive de jargon, d'argot, de termes sexistes/racistes, ou vocabulaire limité.","Langage approprié, usage limité de jargon ou d'argot, vocabulaire suffisant pour être précis.","Langage approprié avec un vocabulaire étendu, y compris des expressions idiomatiques, une expression captivante, imaginative et vivante."
Passive Voice,Voix Passive,"À votre avis, comment évaluez-vous l'utilisation de la voix passive et l'équilibre entre la voix passive et la voix active dans le discours de cette transcription ?","Pas de bon équilibre - trop peu d'utilisation de la voix passive et trop d'utilisation de la voix active (par exemple, le texte donne l'impression d'un discours trop personnel et pas assez objectif).","Un bon équilibre entre la voix passive et la voix active (par exemple, le texte donne l'impression d'un discours objectif, clair, mais amical et non impersonnel).","Mauvais équilibre -- utilisation excessive de la voix passive (par exemple, le texte donne l'impression d'un discours impersonnel, avec des phrases longues et incompréhensibles)."
Negative language,Langage Négatif,"Comment évaluez-vous l'utilisation de mots/expressions négatives dans le discours de cette transcription ? (mots négatifs : mauvais, tristes, etc. expressions négatives : ce n'est pas la pire solution, etc.)",Pas d'utilisation significative de mots négatifs.,"Remarquée, mais pas d'impression négative.","Remarquée, et cela a donné une mauvaise impression."
Discourse,Discours,"À votre avis, évaluez-vous l'utilisation d'une histoire/un exemple personnel dans le discours de cette transcription ?",Pas d'histoire/un exemple personnel.,L'histoire/un exemple personnel est présente mais pas utile pour rendre le discours plus captivant.,Utilisation pertinente de l'histoire/un exemple personnel qui rend le discours plus captivant.
Metaphor,Métaphore,Comment évaluez-vous l'utilisation de métaphores dans le discours de cette transcription?,Pas d'utilisation de métaphores.,"La métaphore est utilisée, mais le lien avec le contexte du discours n'est pas évident ou la métaphore ne contribue pas à rendre l'explication plus mémorable et compréhensible.","La métaphore capture efficacement les détails du discours, renforce et facilite l'explication."
